corridor,time,entries_exits,share_pct
Western,8-9,366142,8.5
Western,9-10,391437,9.1
Western,10-11,345933,8.1
Western,11-12,285705,6.7
Western,12-13,258850,6.0
Western,13-14,243639,5.7
Western,14-15,232158,5.4
Western,15-16,250475,5.8
Western,16-17,275472,6.4
Western,17-18,325213,7.6
Western,18-19,398124,9.3
Western,19-20,392614,9.1
Western,20-21,307768,7.2
Western,21-22,220163,5.1
Virar-Dahanu Road,8-9,40054,7.6
Virar-Dahanu Road,9-10,44246,8.4
Virar-Dahanu Road,10-11,34695,6.6
Virar-Dahanu Road,11-12,38225,7.2
Virar-Dahanu Road,12-13,33259,6.3
Virar-Dahanu Road,13-14,27683,5.2
Virar-Dahanu Road,14-15,33462,6.3
Virar-Dahanu Road,15-16,26981,5.1
Virar-Dahanu Road,16-17,31275,5.9
Virar-Dahanu Road,17-18,42188,8.0
Virar-Dahanu Road,18-19,58485,11.0
Virar-Dahanu Road,19-20,52240,9.9
Virar-Dahanu Road,20-21,40506,7.7
Virar-Dahanu Road,21-22,26082,4.9
Central,8-9,285250,7.6
Central,9-10,338200,9.0
Central,10-11,312199,8.3
Central,11-12,256499,6.8
Central,12-13,222457,5.9
Central,13-14,205115,5.5
Central,14-15,206685,5.5
Central,15-16,212595,5.7
Central,16-17,234978,6.3
Central,17-18,295808,7.9
Central,18-19,361613,9.7
Central,19-20,352303,9.4
Central,20-21,266620,7.1
Central,21-22,186168,5.0
Harbour,8-9,121810,8.2
Harbour,9-10,140373,9.5
Harbour,10-11,119822,8.1
Harbour,11-12,99518,6.7
Harbour,12-13,93511,6.3
Harbour,13-14,88950,6.0
Harbour,14-15,85179,5.8
Harbour,15-16,86805,5.9
Harbour,16-17,91541,6.2
Harbour,17-18,107628,7.3
Harbour,18-19,133328,9.0
Harbour,19-20,125012,8.4
Harbour,20-21,103852,7.0
Harbour,21-22,82611,5.6
