corridor,station,total_counters,working_counters,queue_persons,avg_queue_minutes
Western,Churchgate,16,14,35,20
Western,Mumbai Central,8,7,45,25
Western,Dadar West,21,20,54,30
Western,Mahim,12,9,35,20
Western,Bandra,19,17,17,10
Western,Andheri,19,17,36,20
Western,Goregaon,13,12,41,20
Western,Borivali,36,30,26,15
Western,Mira Road,13,11,14,10
Western,Bhayander,16,11,52,30
Western,Vasai Road,20,12,36,20
Western,Nalasopara,10,6,35,20
Western,Virar,19,11,38,20
Virar-Dahanu Road,Vaitarna,1,1,3,2
Virar-Dahanu Road,Saphale,3,3,8,4
Virar-Dahanu Road,Kelve Road,1,1,4,2
Virar-Dahanu Road,Palghar,4,3,7,4
Virar-Dahanu Road,Umroli,1,1,4,2
Virar-Dahanu Road,Boisar,6,2,12,6
Virar-Dahanu Road,Vangaon,3,1,6,3
Virar-Dahanu Road,Dahanu Road,7,4,10,5
Central,CST,26,12,28,14
Central,Masjid,12,5,26,13
Central,Byculla,12,7,29,15
Central,Dadar Central,15,7,34,17
Central,Kurla,16,9,41,20
Central,Ghatkopar,16,12,40,20
Central,Bhandup,9,7,40,20
Central,Mulund,14,8,39,20
Central,Thane,26,21,33,17
Central,Dombivilli,18,12,37,19
Central,Kalyan,15,8,45,23
Central,Kasara,3,2,32,16
Central,Karjat,3,2,29,14
Central,Khopoli,2,1,26,13
Harbour,Vadala Road,10,7,40,20
Harbour,GTB Nagar,8,7,27,15
Harbour,Chembur,8,6,40,20
Harbour,Govandi,12,5,40,20
Harbour,Vashi,8,6,43,22
Harbour,Nerul,16,5,39,20
Harbour,Belapur,10,3,39,20
Harbour,Karghar,7,4,27,14
Harbour,Panvel,7,5,25,15
Harbour,Airoli,10,5,36,18
Harbour,Turbe,8,3,39,20
